Date,Period,Value
5/2/2020 0:00,1,7466
5/2/2020 1:00,2,7238.1
5/2/2020 2:00,3,6934.5
5/2/2020 3:00,4,6706.9
5/2/2020 4:00,5,6555.9
5/2/2020 5:00,6,6315.5
5/2/2020 6:00,7,6004
5/2/2020 7:00,8,6188.9
5/2/2020 8:00,9,6540.6
5/2/2020 9:00,10,6905.9
5/2/2020 10:00,11,7133.6
5/2/2020 11:00,12,7108.4
5/2/2020 12:00,13,7303.1
5/2/2020 13:00,14,7552.4
5/2/2020 14:00,15,7584.8
5/2/2020 15:00,16,7369.7
5/2/2020 16:00,17,6946.6
5/2/2020 17:00,18,6912.1
5/2/2020 18:00,19,7608.4
5/2/2020 19:00,20,7682.5
5/2/2020 20:00,21,7945.9
5/2/2020 21:00,22,7983.4
5/2/2020 22:00,23,7870.2
5/2/2020 23:00,24,7753.2
5/3/2020 0:00,1,7524.2
5/3/2020 1:00,2,7242
5/3/2020 2:00,3,6969.1
5/3/2020 3:00,4,6735.9
5/3/2020 4:00,5,6520.9
5/3/2020 5:00,6,6263.6
5/3/2020 6:00,7,6158.9
5/3/2020 7:00,8,6360
5/3/2020 8:00,9,6624.3
5/3/2020 9:00,10,6866.2
5/3/2020 10:00,11,7113.5
5/3/2020 11:00,12,7123.9
5/3/2020 12:00,13,7112
5/3/2020 13:00,14,7227.2
5/3/2020 14:00,15,7214.7
5/3/2020 15:00,16,6981.4
5/3/2020 16:00,17,6741.7
5/3/2020 17:00,18,6908
5/3/2020 18:00,19,7540.9
5/3/2020 19:00,20,7682.2
5/3/2020 20:00,21,8017.9
5/3/2020 21:00,22,8043.3
5/3/2020 22:00,23,7774.9
5/3/2020 23:00,24,7587.1
5/4/2020 0:00,1,7242.2
5/4/2020 1:00,2,6897.4
5/4/2020 2:00,3,6664.1
5/4/2020 3:00,4,6470.3
5/4/2020 4:00,5,6363.4
5/4/2020 5:00,6,6265.8
5/4/2020 6:00,7,6094.8
5/4/2020 7:00,8,6674
5/4/2020 8:00,9,7328.2
5/4/2020 9:00,10,7728.3
5/4/2020 10:00,11,8007.7
5/4/2020 11:00,12,7902.8
5/4/2020 12:00,13,8262.6
5/4/2020 13:00,14,8547.3
5/4/2020 14:00,15,8550.9
5/4/2020 15:00,16,8319.5
5/4/2020 16:00,17,7922.6
5/4/2020 17:00,18,7661.7
5/4/2020 18:00,19,8117.4
5/4/2020 19:00,20,8278.3
5/4/2020 20:00,21,8489.6
5/4/2020 21:00,22,8601.4
5/4/2020 22:00,23,8504.6
5/4/2020 23:00,24,8360.5
5/5/2020 0:00,1,8200.5
5/5/2020 1:00,2,7936.1
5/5/2020 2:00,3,7621.5
5/5/2020 3:00,4,7382.4
5/5/2020 4:00,5,7214.3
5/5/2020 5:00,6,7056.8
5/5/2020 6:00,7,6726.2
5/5/2020 7:00,8,6915.5
5/5/2020 8:00,9,7528.7
5/5/2020 9:00,10,7910.9
5/5/2020 10:00,11,8212.9
5/5/2020 11:00,12,8172.9
5/5/2020 12:00,13,8345.7
5/5/2020 13:00,14,8591.7
5/5/2020 14:00,15,8700.8
5/5/2020 15:00,16,8353.1
5/5/2020 16:00,17,7790.2
5/5/2020 17:00,18,7507.5
5/5/2020 18:00,19,8162.6
5/5/2020 19:00,20,8364.7
5/5/2020 20:00,21,8758.6
5/5/2020 21:00,22,8776.5
5/5/2020 22:00,23,8675.8
5/5/2020 23:00,24,8522.9
5/6/2020 0:00,1,8361.5
5/6/2020 1:00,2,8074.2
5/6/2020 2:00,3,7835.4
5/6/2020 3:00,4,7606.6
5/6/2020 4:00,5,7416.5
5/6/2020 5:00,6,7124
5/6/2020 6:00,7,6744.1
5/6/2020 7:00,8,7273.2
5/6/2020 8:00,9,7856.2
5/6/2020 9:00,10,8102.7
5/6/2020 10:00,11,8365
5/6/2020 11:00,12,8434.5
5/6/2020 12:00,13,8691.2
5/6/2020 13:00,14,9017.9
5/6/2020 14:00,15,9064
5/6/2020 15:00,16,8705.1
5/6/2020 16:00,17,8102.2
5/6/2020 17:00,18,7911.7
5/6/2020 18:00,19,8450.3
5/6/2020 19:00,20,8618.1
5/6/2020 20:00,21,8931.7
5/6/2020 21:00,22,8981.4
5/6/2020 22:00,23,8864.3
5/6/2020 23:00,24,8549.9
5/7/2020 0:00,1,8393.3
5/7/2020 1:00,2,8124
5/7/2020 2:00,3,7881.8
5/7/2020 3:00,4,7649.9
5/7/2020 4:00,5,7593.9
5/7/2020 5:00,6,7300.5
5/7/2020 6:00,7,7016
5/7/2020 7:00,8,7349.2
5/7/2020 8:00,9,7784.2
5/7/2020 9:00,10,8130.9
5/7/2020 10:00,11,8472.3
5/7/2020 11:00,12,8483
5/7/2020 12:00,13,8810
5/7/2020 13:00,14,9160.8
5/7/2020 14:00,15,9116.9
5/7/2020 15:00,16,8745.2
5/7/2020 16:00,17,8100.8
5/7/2020 17:00,18,7767.8
5/7/2020 18:00,19,8453.4
5/7/2020 19:00,20,8605.5
5/7/2020 20:00,21,8995
5/7/2020 21:00,22,8926.5
5/7/2020 22:00,23,8769
5/7/2020 23:00,24,8814.6
5/8/2020 0:00,1,8638.8
5/8/2020 1:00,2,8362.1
5/8/2020 2:00,3,8063.2
5/8/2020 3:00,4,7813.9
5/8/2020 4:00,5,7652.1
5/8/2020 5:00,6,7247.1
5/8/2020 6:00,7,7036.1
5/8/2020 7:00,8,7390
5/8/2020 8:00,9,7793.2
5/8/2020 9:00,10,8184.1
5/8/2020 10:00,11,8482.6
5/8/2020 11:00,12,8485.5
5/8/2020 12:00,13,8753.1
5/8/2020 13:00,14,9116
5/8/2020 14:00,15,9115.6
5/8/2020 15:00,16,8738.8
5/8/2020 16:00,17,8026.5
5/8/2020 17:00,18,7732.5
5/8/2020 18:00,19,8407.3
5/8/2020 19:00,20,8691.5
5/8/2020 20:00,21,8992.5
5/8/2020 21:00,22,8914.2
5/8/2020 22:00,23,8865.7
5/8/2020 23:00,24,8667.1
5/9/2020 0:00,1,8404.3
5/9/2020 1:00,2,8161
5/9/2020 2:00,3,7867.7
5/9/2020 3:00,4,7625.1
5/9/2020 4:00,5,7457.1
5/9/2020 5:00,6,7138.7
5/9/2020 6:00,7,6971.8
5/9/2020 7:00,8,7094.8
5/9/2020 8:00,9,7483.5
5/9/2020 9:00,10,7760.1
5/9/2020 10:00,11,8001.3
5/9/2020 11:00,12,8003.9
5/9/2020 12:00,13,8195.3
5/9/2020 13:00,14,8552.6
5/9/2020 14:00,15,8559.2
5/9/2020 15:00,16,8351.8
5/9/2020 16:00,17,7909.5
5/9/2020 17:00,18,7712.1
5/9/2020 18:00,19,7988.5
5/9/2020 19:00,20,8123.1
5/9/2020 20:00,21,8186.4
5/9/2020 21:00,22,8262.5
5/9/2020 22:00,23,8224.5
5/9/2020 23:00,24,7976.4
5/10/2020 0:00,1,7861.6
5/10/2020 1:00,2,7632.4
5/10/2020 2:00,3,7344.1
5/10/2020 3:00,4,7120.5
5/10/2020 4:00,5,6878.4
5/10/2020 5:00,6,6592.3
5/10/2020 6:00,7,6531.4
5/10/2020 7:00,8,6637.5
5/10/2020 8:00,9,6972.9
5/10/2020 9:00,10,7334.6
5/10/2020 10:00,11,7504.7
5/10/2020 11:00,12,7458
5/10/2020 12:00,13,7702.4
5/10/2020 13:00,14,7907.5
5/10/2020 14:00,15,8102.3
5/10/2020 15:00,16,7939.9
5/10/2020 16:00,17,7786.2
5/10/2020 17:00,18,7642.9
5/10/2020 18:00,19,8188
5/10/2020 19:00,20,8244.6
5/10/2020 20:00,21,8665.7
5/10/2020 21:00,22,8588.8
5/10/2020 22:00,23,8319.3
5/10/2020 23:00,24,8172.1
5/11/2020 0:00,1,7868.4
5/11/2020 1:00,2,7553.3
5/11/2020 2:00,3,7295.5
5/11/2020 3:00,4,7066.1
5/11/2020 4:00,5,6933.6
5/11/2020 5:00,6,6777.5
5/11/2020 6:00,7,6632.2
5/11/2020 7:00,8,7096.3
5/11/2020 8:00,9,7582.6
5/11/2020 9:00,10,8020.5
5/11/2020 10:00,11,8358.7
5/11/2020 11:00,12,8378.9
5/11/2020 12:00,13,8685.7
5/11/2020 13:00,14,9014.8
5/11/2020 14:00,15,9034.1
5/11/2020 15:00,16,8635.8
5/11/2020 16:00,17,7928.2
5/11/2020 17:00,18,7589.3
5/11/2020 18:00,19,8254.9
5/11/2020 19:00,20,8567.3
5/11/2020 20:00,21,8833.4
5/11/2020 21:00,22,8932.7
5/11/2020 22:00,23,8815
5/11/2020 23:00,24,8678.6
5/12/2020 0:00,1,8546.6
5/12/2020 1:00,2,8279.1
5/12/2020 2:00,3,7971.2
5/12/2020 3:00,4,7703.2
5/12/2020 4:00,5,7499.3
5/12/2020 5:00,6,7275.2
5/12/2020 6:00,7,6973
5/12/2020 7:00,8,7348.5
5/12/2020 8:00,9,7902.5
5/12/2020 9:00,10,8240.7
5/12/2020 10:00,11,8467.6
5/12/2020 11:00,12,8423.5
5/12/2020 12:00,13,8721.2
5/12/2020 13:00,14,9126.3
5/12/2020 14:00,15,9083.1
5/12/2020 15:00,16,8661.1
5/12/2020 16:00,17,8057.7
5/12/2020 17:00,18,7678.3
5/12/2020 18:00,19,8263.8
5/12/2020 19:00,20,8503.8
5/12/2020 20:00,21,8803.6
5/12/2020 21:00,22,8777.7
5/12/2020 22:00,23,8754.7
5/12/2020 23:00,24,8574.2
5/13/2020 0:00,1,8486.4
5/13/2020 1:00,2,8166.8
5/13/2020 2:00,3,7927.1
5/13/2020 3:00,4,7652
5/13/2020 4:00,5,7492.2
5/13/2020 5:00,6,7162.4
5/13/2020 6:00,7,6999.7
5/13/2020 7:00,8,7374.5
5/13/2020 8:00,9,7910
5/13/2020 9:00,10,8286.1
5/13/2020 10:00,11,8727.4
5/13/2020 11:00,12,8749.6
5/13/2020 12:00,13,8998.8
5/13/2020 13:00,14,9260.1
5/13/2020 14:00,15,9181.1
5/13/2020 15:00,16,8711.6
5/13/2020 16:00,17,8058.5
5/13/2020 17:00,18,7648.6
5/13/2020 18:00,19,8195.8
5/13/2020 19:00,20,8536.6
5/13/2020 20:00,21,8833.7
5/13/2020 21:00,22,8841.9
5/13/2020 22:00,23,8770.1
5/13/2020 23:00,24,8665.6
5/14/2020 0:00,1,8556.4
5/14/2020 1:00,2,8285.7
5/14/2020 2:00,3,7977.9
5/14/2020 3:00,4,7671.4
5/14/2020 4:00,5,7475.3
5/14/2020 5:00,6,7193.7
5/14/2020 6:00,7,7019.9
5/14/2020 7:00,8,7401.9
5/14/2020 8:00,9,7977.3
5/14/2020 9:00,10,8256.5
5/14/2020 10:00,11,8483.8
5/14/2020 11:00,12,8451
5/14/2020 12:00,13,8611.7
5/14/2020 13:00,14,8917.8
5/14/2020 14:00,15,8637.2
5/14/2020 15:00,16,8210.4
5/14/2020 16:00,17,7441.8
5/14/2020 17:00,18,7360.3
5/14/2020 18:00,19,8009.4
5/14/2020 19:00,20,8314.6
5/14/2020 20:00,21,8403.2
5/14/2020 21:00,22,8421.6
5/14/2020 22:00,23,8358.2
5/14/2020 23:00,24,8268.4
5/15/2020 0:00,1,7943.9
5/15/2020 1:00,2,7655.8
5/15/2020 2:00,3,7393.8
5/15/2020 3:00,4,7157.5
5/15/2020 4:00,5,6956.6
5/15/2020 5:00,6,6716
5/15/2020 6:00,7,6696.5
5/15/2020 7:00,8,7134.3
5/15/2020 8:00,9,7320.4
5/15/2020 9:00,10,7567.5
5/15/2020 10:00,11,7371.2
5/15/2020 11:00,12,7545.2
5/15/2020 12:00,13,7488.6
5/15/2020 13:00,14,7397.7
5/15/2020 14:00,15,7256
5/15/2020 15:00,16,6832.9
5/15/2020 16:00,17,6533.4
5/15/2020 17:00,18,6142.8
5/15/2020 18:00,19,6567.8
5/15/2020 19:00,20,6242.4
5/15/2020 20:00,21,5859.3
5/15/2020 21:00,22,5647.1
5/15/2020 22:00,23,5857.7
5/15/2020 23:00,24,5659
5/16/2020 0:00,1,5531.9
5/16/2020 1:00,2,5489.9
5/16/2020 2:00,3,5455.1
5/16/2020 3:00,4,5276.4
5/16/2020 4:00,5,5182.5
5/16/2020 5:00,6,5186.3
5/16/2020 6:00,7,5168.5
5/16/2020 7:00,8,5566.5
5/16/2020 8:00,9,6215.7
5/16/2020 9:00,10,6648.3
5/16/2020 10:00,11,7032.3
5/16/2020 11:00,12,7070.1
5/16/2020 12:00,13,7370.4
5/16/2020 13:00,14,7387.8
5/16/2020 14:00,15,7281.8
5/16/2020 15:00,16,7033.9
5/16/2020 16:00,17,6710.9
5/16/2020 17:00,18,6670.7
5/16/2020 18:00,19,7335.9
5/16/2020 19:00,20,7417.6
5/16/2020 20:00,21,7642.1
5/16/2020 21:00,22,7479.5
5/16/2020 22:00,23,7440.3
5/16/2020 23:00,24,7274.1
5/17/2020 0:00,1,7014.1
5/17/2020 1:00,2,6765.1
5/17/2020 2:00,3,6498.3
5/17/2020 3:00,4,6283.3
5/17/2020 4:00,5,6130.6
5/17/2020 5:00,6,5964.1
5/17/2020 6:00,7,5923.4
5/17/2020 7:00,8,6170
5/17/2020 8:00,9,6871.6
5/17/2020 9:00,10,7188.1
5/17/2020 10:00,11,7277.8
5/17/2020 11:00,12,7433.7
5/17/2020 12:00,13,7499.9
5/17/2020 13:00,14,7731.7
5/17/2020 14:00,15,7750.9
5/17/2020 15:00,16,7643.1
5/17/2020 16:00,17,7331.2
5/17/2020 17:00,18,7316.8
5/17/2020 18:00,19,7980.7
5/17/2020 19:00,20,8178.5
5/17/2020 20:00,21,8418.1
5/17/2020 21:00,22,8495.1
5/17/2020 22:00,23,8485.4
5/17/2020 23:00,24,8153.1
5/18/2020 0:00,1,7775.1
5/18/2020 1:00,2,7609
5/18/2020 2:00,3,7297.2
5/18/2020 3:00,4,7063.7
5/18/2020 4:00,5,6909.8
5/18/2020 5:00,6,6822.6
5/18/2020 6:00,7,6636
5/18/2020 7:00,8,7256.9
5/18/2020 8:00,9,8025.7
5/18/2020 9:00,10,8490.2
5/18/2020 10:00,11,8879.5
5/18/2020 11:00,12,8994.2
5/18/2020 12:00,13,9147.4
5/18/2020 13:00,14,9160.8
5/18/2020 14:00,15,8998.2
5/18/2020 15:00,16,8561.8
5/18/2020 16:00,17,8294.4
5/18/2020 17:00,18,7987
5/18/2020 18:00,19,8368.6
5/18/2020 19:00,20,8560.5
5/18/2020 20:00,21,8795.9
5/18/2020 21:00,22,8782.2
5/18/2020 22:00,23,8686.7
5/18/2020 23:00,24,8503.5
5/19/2020 0:00,1,8398.2
5/19/2020 1:00,2,8034.2
5/19/2020 2:00,3,7766.7
5/19/2020 3:00,4,7477.4
5/19/2020 4:00,5,7372.5
5/19/2020 5:00,6,7167.7
5/19/2020 6:00,7,6970
5/19/2020 7:00,8,7496.8
5/19/2020 8:00,9,8247.4
5/19/2020 9:00,10,8880.5
5/19/2020 10:00,11,9203.8
5/19/2020 11:00,12,9100.2
5/19/2020 12:00,13,8926.9
5/19/2020 13:00,14,8914.2
5/19/2020 14:00,15,8855.5
5/19/2020 15:00,16,8514.3
5/19/2020 16:00,17,7956.8
5/19/2020 17:00,18,7534.8
5/19/2020 18:00,19,8189
5/19/2020 19:00,20,8321
5/19/2020 20:00,21,8587.6
5/19/2020 21:00,22,8536.1
5/19/2020 22:00,23,8444.1
5/19/2020 23:00,24,8262.9
5/20/2020 0:00,1,8135.1
5/20/2020 1:00,2,7840
5/20/2020 2:00,3,7549.8
5/20/2020 3:00,4,7479.4
5/20/2020 4:00,5,7241
5/20/2020 5:00,6,7132.7
5/20/2020 6:00,7,7013.7
5/20/2020 7:00,8,7585.9
5/20/2020 8:00,9,8201.7
5/20/2020 9:00,10,8748.8
5/20/2020 10:00,11,9053.9
5/20/2020 11:00,12,8942.5
5/20/2020 12:00,13,9077.1
5/20/2020 13:00,14,9528
5/20/2020 14:00,15,9534.6
5/20/2020 15:00,16,9114.5
5/20/2020 16:00,17,8442.6
5/20/2020 17:00,18,7957.4
5/20/2020 18:00,19,8556
5/20/2020 19:00,20,8745.5
5/20/2020 20:00,21,8966.3
5/20/2020 21:00,22,8952.6
5/20/2020 22:00,23,8898.4
5/20/2020 23:00,24,8782.9
5/21/2020 0:00,1,8541.9
5/21/2020 1:00,2,8291.1
5/21/2020 2:00,3,8056.4
5/21/2020 3:00,4,7820.3
5/21/2020 4:00,5,7612.1
5/21/2020 5:00,6,7349.7
5/21/2020 6:00,7,7296.4
5/21/2020 7:00,8,7900.8
5/21/2020 8:00,9,8513.2
5/21/2020 9:00,10,8937.3
5/21/2020 10:00,11,9183
5/21/2020 11:00,12,9159.2
5/21/2020 12:00,13,9355.2
5/21/2020 13:00,14,9643
5/21/2020 14:00,15,9457
5/21/2020 15:00,16,9118.8
5/21/2020 16:00,17,8340.7
5/21/2020 17:00,18,7998.9
5/21/2020 18:00,19,8709.8
5/21/2020 19:00,20,8714.1
5/21/2020 20:00,21,9074.1
5/21/2020 21:00,22,9077.4
5/21/2020 22:00,23,9012
5/21/2020 23:00,24,8855
5/22/2020 0:00,1,8626.5
5/22/2020 1:00,2,8344
5/22/2020 2:00,3,8050.1
5/22/2020 3:00,4,7807.8
5/22/2020 4:00,5,7681.8
5/22/2020 5:00,6,7477.8
5/22/2020 6:00,7,7364
5/22/2020 7:00,8,7866.8
5/22/2020 8:00,9,8440.2
5/22/2020 9:00,10,8871.8
5/22/2020 10:00,11,9265.2
5/22/2020 11:00,12,9194.3
5/22/2020 12:00,13,9343.4
5/22/2020 13:00,14,9479.4
5/22/2020 14:00,15,9349.3
5/22/2020 15:00,16,8981.6
5/22/2020 16:00,17,8193.9
5/22/2020 17:00,18,7809.8
5/22/2020 18:00,19,8376.2
5/22/2020 19:00,20,8685
5/22/2020 20:00,21,8941.3
5/22/2020 21:00,22,8946.6
5/22/2020 22:00,23,8696.1
5/22/2020 23:00,24,8385.9
5/23/2020 0:00,1,8253.4
5/23/2020 1:00,2,8177.7
5/23/2020 2:00,3,8002.8
5/23/2020 3:00,4,7764.9
5/23/2020 4:00,5,7612.6
5/23/2020 5:00,6,7321.2
5/23/2020 6:00,7,7060.3
5/23/2020 7:00,8,7359.6
5/23/2020 8:00,9,7859.5
5/23/2020 9:00,10,8245.1
5/23/2020 10:00,11,8544.6
5/23/2020 11:00,12,8616.4
5/23/2020 12:00,13,8754.2
5/23/2020 13:00,14,9011.6
5/23/2020 14:00,15,8806
5/23/2020 15:00,16,8384.1
5/23/2020 16:00,17,7497.4
5/23/2020 17:00,18,7642.8
5/23/2020 18:00,19,8013
5/23/2020 19:00,20,7945
5/23/2020 20:00,21,8074.3
5/23/2020 21:00,22,7986.4
5/23/2020 22:00,23,7755.3
5/23/2020 23:00,24,7444.5
5/24/2020 0:00,1,7170.6
5/24/2020 1:00,2,7149.9
5/24/2020 2:00,3,7021.1
5/24/2020 3:00,4,6862
5/24/2020 4:00,5,6705.6
5/24/2020 5:00,6,6390.3
5/24/2020 6:00,7,6508.4
5/24/2020 7:00,8,6679.9
5/24/2020 8:00,9,7060.1
5/24/2020 9:00,10,7430.6
5/24/2020 10:00,11,7750.3
5/24/2020 11:00,12,7694.8
5/24/2020 12:00,13,7990.1
5/24/2020 13:00,14,8256.5
5/24/2020 14:00,15,8152.1
5/24/2020 15:00,16,7940.3
5/24/2020 16:00,17,7531
5/24/2020 17:00,18,7376.8
5/24/2020 18:00,19,7932.5
5/24/2020 19:00,20,8073.6
5/24/2020 20:00,21,8169.8
5/24/2020 21:00,22,8198.1
5/24/2020 22:00,23,8190.1
5/24/2020 23:00,24,7823
5/25/2020 0:00,1,7659.3
5/25/2020 1:00,2,7463.3
5/25/2020 2:00,3,7217.1
5/25/2020 3:00,4,7008.5
5/25/2020 4:00,5,6916.3
5/25/2020 5:00,6,6628.8
5/25/2020 6:00,7,6555.1
5/25/2020 7:00,8,6584
5/25/2020 8:00,9,7295.5
5/25/2020 9:00,10,7692.2
5/25/2020 10:00,11,8023.5
5/25/2020 11:00,12,8020.6
5/25/2020 12:00,13,8101
5/25/2020 13:00,14,8349.9
5/25/2020 14:00,15,8388
5/25/2020 15:00,16,8061.7
5/25/2020 16:00,17,7699.2
5/25/2020 17:00,18,7609.9
5/25/2020 18:00,19,8145.3
5/25/2020 19:00,20,8360.8
5/25/2020 20:00,21,8639.3
5/25/2020 21:00,22,8679.5
5/25/2020 22:00,23,8508.4
5/25/2020 23:00,24,8224.7
5/26/2020 0:00,1,8035
5/26/2020 1:00,2,7927.2
5/26/2020 2:00,3,7830.7
5/26/2020 3:00,4,7605
5/26/2020 4:00,5,7357.4
5/26/2020 5:00,6,7183.1
5/26/2020 6:00,7,7024
5/26/2020 7:00,8,7757.3
5/26/2020 8:00,9,8433.9
5/26/2020 9:00,10,8964.4
5/26/2020 10:00,11,9360.8
5/26/2020 11:00,12,9377.2
5/26/2020 12:00,13,9444.7
5/26/2020 13:00,14,9625.6
5/26/2020 14:00,15,9295.8
5/26/2020 15:00,16,8831.3
5/26/2020 16:00,17,8007
5/26/2020 17:00,18,7718
5/26/2020 18:00,19,8269
5/26/2020 19:00,20,8373.6
5/26/2020 20:00,21,8626.3
5/26/2020 21:00,22,8554.8
5/26/2020 22:00,23,8567.5
5/26/2020 23:00,24,8452.2
5/27/2020 0:00,1,8235.8
5/27/2020 1:00,2,7966.1
5/27/2020 2:00,3,7688.2
5/27/2020 3:00,4,7423.6
5/27/2020 4:00,5,7344.1
5/27/2020 5:00,6,7010.6
5/27/2020 6:00,7,7347.4
5/27/2020 7:00,8,7792
5/27/2020 8:00,9,8402.9
5/27/2020 9:00,10,8918.1
5/27/2020 10:00,11,9348.5
5/27/2020 11:00,12,9201.6
5/27/2020 12:00,13,9439.1
5/27/2020 13:00,14,9657.9
5/27/2020 14:00,15,9551.8
5/27/2020 15:00,16,9062.6
5/27/2020 16:00,17,8359.6
5/27/2020 17:00,18,8049.6
5/27/2020 18:00,19,8534.7
5/27/2020 19:00,20,8707.2
5/27/2020 20:00,21,8347.4
5/27/2020 21:00,22,8623.4
5/27/2020 22:00,23,8499.9
5/27/2020 23:00,24,8408.6
5/28/2020 0:00,1,8263.8
5/28/2020 1:00,2,8004.4
5/28/2020 2:00,3,7744.6
5/28/2020 3:00,4,7500.1
5/28/2020 4:00,5,7416.9
5/28/2020 5:00,6,7240.1
5/28/2020 6:00,7,7181.5
5/28/2020 7:00,8,7889.1
5/28/2020 8:00,9,8543.7
5/28/2020 9:00,10,9066
5/28/2020 10:00,11,9377.2
5/28/2020 11:00,12,9282.6
5/28/2020 12:00,13,9445.7
5/28/2020 13:00,14,9717.5
5/28/2020 14:00,15,9405
5/28/2020 15:00,16,8765.3
5/28/2020 16:00,17,8253.9
5/28/2020 17:00,18,7819.9
5/28/2020 18:00,19,8430.9
5/28/2020 19:00,20,8386.6
5/28/2020 20:00,21,8604.5
5/28/2020 21:00,22,8520.9
5/28/2020 22:00,23,8500.6
5/28/2020 23:00,24,8259.6
5/29/2020 0:00,1,8102.6
5/29/2020 1:00,2,7889.2
5/29/2020 2:00,3,7615.6
5/29/2020 3:00,4,7395
5/29/2020 4:00,5,7285.2
5/29/2020 5:00,6,7083.1
5/29/2020 6:00,7,7064.4
5/29/2020 7:00,8,7855.7
5/29/2020 8:00,9,8359.9
5/29/2020 9:00,10,8938.1
5/29/2020 10:00,11,9210.2
5/29/2020 11:00,12,9236.7
5/29/2020 12:00,13,9329.8
5/29/2020 13:00,14,9573
5/29/2020 14:00,15,9493.2
5/29/2020 15:00,16,9130.6
5/29/2020 16:00,17,8339.6
5/29/2020 17:00,18,7965.6
5/29/2020 18:00,19,8377
5/29/2020 19:00,20,8289.9
5/29/2020 20:00,21,8605.8
5/29/2020 21:00,22,8606.6
5/29/2020 22:00,23,8511.7
5/29/2020 23:00,24,8396.4
5/30/2020 0:00,1,8234.5
5/30/2020 1:00,2,8060.7
5/30/2020 2:00,3,7780.1
5/30/2020 3:00,4,7553.4
5/30/2020 4:00,5,7242.9
5/30/2020 5:00,6,6730.2
5/30/2020 6:00,7,6740.7
5/30/2020 7:00,8,7179.3
5/30/2020 8:00,9,7909.1
5/30/2020 9:00,10,8452.3
5/30/2020 10:00,11,8679.5
5/30/2020 11:00,12,8654.3
5/30/2020 12:00,13,8734.6
5/30/2020 13:00,14,9009.4
5/30/2020 14:00,15,9000.3
5/30/2020 15:00,16,8719.6
5/30/2020 16:00,17,8208.6
5/30/2020 17:00,18,8102.3
5/30/2020 18:00,19,8566.2
5/30/2020 19:00,20,8494.2
5/30/2020 20:00,21,8819.4
5/30/2020 21:00,22,8758.1
5/30/2020 22:00,23,8784.7
5/30/2020 23:00,24,8659.3
5/31/2020 0:00,1,8479
5/31/2020 1:00,2,8169.4
5/31/2020 2:00,3,7934
5/31/2020 3:00,4,7663.7
5/31/2020 4:00,5,7389
5/31/2020 5:00,6,7059.1
5/31/2020 6:00,7,6927.9
5/31/2020 7:00,8,7201.8
5/31/2020 8:00,9,7716.2
5/31/2020 9:00,10,7992.9
5/31/2020 10:00,11,8370.2
5/31/2020 11:00,12,8254.5
5/31/2020 12:00,13,8325.9
5/31/2020 13:00,14,8495.9
5/31/2020 14:00,15,8507.9
5/31/2020 15:00,16,8265.1
5/31/2020 16:00,17,7825.1
5/31/2020 17:00,18,7696.8
5/31/2020 18:00,19,8066
5/31/2020 19:00,20,8309.3
5/31/2020 20:00,21,8653.9
5/31/2020 21:00,22,8749.3
5/31/2020 22:00,23,8665.9
5/31/2020 23:00,24,8355.2
6/1/2020 0:00,1,8063.2
6/1/2020 1:00,2,7747.3
6/1/2020 2:00,3,7470.7
6/1/2020 3:00,4,7242.2
6/1/2020 4:00,5,7074.1
6/1/2020 5:00,6,6761.6
6/1/2020 6:00,7,7096.2
6/1/2020 7:00,8,7896.4
6/1/2020 8:00,9,8599.3
6/1/2020 9:00,10,9263.7
6/1/2020 10:00,11,9540.6
6/1/2020 11:00,12,9557.7
6/1/2020 12:00,13,9787.8
6/1/2020 13:00,14,10054.3
6/1/2020 14:00,15,10031.7
6/1/2020 15:00,16,9832.2
6/1/2020 16:00,17,9044.4
6/1/2020 17:00,18,8492.9
6/1/2020 18:00,19,8624.4
6/1/2020 19:00,20,8459
6/1/2020 20:00,21,8927
6/1/2020 21:00,22,9116.4
6/1/2020 22:00,23,9148.4
6/1/2020 23:00,24,9005.5
6/2/2020 0:00,1,8774.2
6/2/2020 1:00,2,8461.4
6/2/2020 2:00,3,8191.4
6/2/2020 3:00,4,7917.4
6/2/2020 4:00,5,7772.3
6/2/2020 5:00,6,7607
6/2/2020 6:00,7,7508.9
6/2/2020 7:00,8,8220.4
6/2/2020 8:00,9,9010.6
6/2/2020 9:00,10,9595.9
6/2/2020 10:00,11,9942.9
6/2/2020 11:00,12,9816.5
6/2/2020 12:00,13,9908.4
6/2/2020 13:00,14,10239.9
6/2/2020 14:00,15,10218.9
6/2/2020 15:00,16,9767.2
6/2/2020 16:00,17,8868.6
6/2/2020 17:00,18,8334.2
6/2/2020 18:00,19,8671.4
6/2/2020 19:00,20,8908.8
6/2/2020 20:00,21,9231.7
6/2/2020 21:00,22,9301.2
6/2/2020 22:00,23,9094
6/2/2020 23:00,24,8765
6/3/2020 0:00,1,8533.7
6/3/2020 1:00,2,8411.1
6/3/2020 2:00,3,8252.5
6/3/2020 3:00,4,8026.8
6/3/2020 4:00,5,7922.6
6/3/2020 5:00,6,7679.3
6/3/2020 6:00,7,7637.3
6/3/2020 7:00,8,8460.6
6/3/2020 8:00,9,9174.1
6/3/2020 9:00,10,9666
6/3/2020 10:00,11,9931
6/3/2020 11:00,12,9804.2
6/3/2020 12:00,13,9909.1
6/3/2020 13:00,14,10270.9
6/3/2020 14:00,15,10187.6
6/3/2020 15:00,16,9830.7
6/3/2020 16:00,17,8943.1
6/3/2020 17:00,18,8809.1
6/3/2020 18:00,19,8855.8
6/3/2020 19:00,20,9256.7
6/3/2020 20:00,21,9311.3
6/3/2020 21:00,22,9456.9
6/3/2020 22:00,23,9271.4
6/3/2020 23:00,24,8963.5
6/4/2020 0:00,1,8699.1
6/4/2020 1:00,2,8487.1
6/4/2020 2:00,3,8370.9
6/4/2020 3:00,4,8086.3
6/4/2020 4:00,5,7957.3
6/4/2020 5:00,6,7706.6
6/4/2020 6:00,7,7877.9
6/4/2020 7:00,8,8664.5
6/4/2020 8:00,9,9292.4
6/4/2020 9:00,10,9615.6
6/4/2020 10:00,11,9821.2
6/4/2020 11:00,12,9760.5
6/4/2020 12:00,13,9930
6/4/2020 13:00,14,10294.7
6/4/2020 14:00,15,10194.4
6/4/2020 15:00,16,9838.7
6/4/2020 16:00,17,9322.5
6/4/2020 17:00,18,8447.5
6/4/2020 18:00,19,8953.7
6/4/2020 19:00,20,9058.3
6/4/2020 20:00,21,9467.4
6/4/2020 21:00,22,9579.9
6/4/2020 22:00,23,9295.8
6/4/2020 23:00,24,9019.5
6/5/2020 0:00,1,8778.7
6/5/2020 1:00,2,8674.9
6/5/2020 2:00,3,8540.1
6/5/2020 3:00,4,8299.5
6/5/2020 4:00,5,8143.3
6/5/2020 5:00,6,7918.8
6/5/2020 6:00,7,7898
6/5/2020 7:00,8,8601.6
6/5/2020 8:00,9,9174.1
6/5/2020 9:00,10,9471.7
6/5/2020 10:00,11,9813.3
6/5/2020 11:00,12,9760.2
6/5/2020 12:00,13,10014.2
6/5/2020 13:00,14,10445.8
6/5/2020 14:00,15,10218.9
6/5/2020 15:00,16,9863.6
6/5/2020 16:00,17,9056.7
6/5/2020 17:00,18,8422.2
6/5/2020 18:00,19,8887.7
6/5/2020 19:00,20,9199.8
6/5/2020 20:00,21,9559.1
6/5/2020 21:00,22,9697
6/5/2020 22:00,23,9477.1
6/5/2020 23:00,24,9022
6/6/2020 0:00,1,8951.3
6/6/2020 1:00,2,8875.1
6/6/2020 2:00,3,8690.7
6/6/2020 3:00,4,8434.9
6/6/2020 4:00,5,8200.4
6/6/2020 5:00,6,7828.2
6/6/2020 6:00,7,7665.9
6/6/2020 7:00,8,8146.9
6/6/2020 8:00,9,8555.1
6/6/2020 9:00,10,8932.6
6/6/2020 10:00,11,9179.8
6/6/2020 11:00,12,9126.4
6/6/2020 12:00,13,9286.9
6/6/2020 13:00,14,9627.2
6/6/2020 14:00,15,9621
6/6/2020 15:00,16,9279.8
6/6/2020 16:00,17,8755.8
6/6/2020 17:00,18,8192.9
6/6/2020 18:00,19,8852.5
6/6/2020 19:00,20,8905.7
6/6/2020 20:00,21,9274.5
6/6/2020 21:00,22,9309.8
6/6/2020 22:00,23,9435.2
6/6/2020 23:00,24,9154.4
6/7/2020 0:00,1,9159.9
6/7/2020 1:00,2,8814.3
6/7/2020 2:00,3,8530.8
6/7/2020 3:00,4,8248.8
6/7/2020 4:00,5,7931.6
6/7/2020 5:00,6,7466.6
6/7/2020 6:00,7,7499.2
6/7/2020 7:00,8,7806.5
6/7/2020 8:00,9,8173.5
6/7/2020 9:00,10,8475.7
6/7/2020 10:00,11,8813.9
6/7/2020 11:00,12,8771.4
6/7/2020 12:00,13,9047.6
6/7/2020 13:00,14,9387.6
6/7/2020 14:00,15,9336
6/7/2020 15:00,16,9085.8
6/7/2020 16:00,17,8765.2
6/7/2020 17:00,18,8473.9
6/7/2020 18:00,19,8710.6
6/7/2020 19:00,20,8949.4
6/7/2020 20:00,21,9154.9
6/7/2020 21:00,22,9349.4
6/7/2020 22:00,23,9104.1
6/7/2020 23:00,24,8824.1
6/8/2020 0:00,1,8494.8
6/8/2020 1:00,2,8205.3
6/8/2020 2:00,3,7964.4
6/8/2020 3:00,4,7777.5
6/8/2020 4:00,5,7620.9
6/8/2020 5:00,6,7419.2
6/8/2020 6:00,7,7626.8
6/8/2020 7:00,8,8350.5
6/8/2020 8:00,9,9140.9
6/8/2020 9:00,10,9614.4
6/8/2020 10:00,11,10010.2
6/8/2020 11:00,12,9768
6/8/2020 12:00,13,10020.5
6/8/2020 13:00,14,10362
6/8/2020 14:00,15,10309.2
6/8/2020 15:00,16,9948.9
6/8/2020 16:00,17,9218.9
6/8/2020 17:00,18,8588.2
6/8/2020 18:00,19,8927.6
6/8/2020 19:00,20,9152.4
6/8/2020 20:00,21,9449.3
6/8/2020 21:00,22,9509
6/8/2020 22:00,23,9397.4
6/8/2020 23:00,24,9207.8
6/9/2020 0:00,1,8982.6
6/9/2020 1:00,2,8722.6
6/9/2020 2:00,3,8425.5
6/9/2020 3:00,4,8105.8
6/9/2020 4:00,5,7955.3
6/9/2020 5:00,6,7728.2
6/9/2020 6:00,7,7699.2
6/9/2020 7:00,8,8439.5
6/9/2020 8:00,9,9097.1
6/9/2020 9:00,10,9590.4
6/9/2020 10:00,11,9901.4
6/9/2020 11:00,12,9912.4
6/9/2020 12:00,13,10093.1
6/9/2020 13:00,14,10410.8
6/9/2020 14:00,15,10402.2
6/9/2020 15:00,16,9981.4
6/9/2020 16:00,17,8941.2
6/9/2020 17:00,18,8276.9
6/9/2020 18:00,19,8722.4
6/9/2020 19:00,20,9054
6/9/2020 20:00,21,9331.8
6/9/2020 21:00,22,9390.6
6/9/2020 22:00,23,9347.4
6/9/2020 23:00,24,9147.4
6/10/2020 0:00,1,8965.1
6/10/2020 1:00,2,8649.4
6/10/2020 2:00,3,8351.9
6/10/2020 3:00,4,8120.1
6/10/2020 4:00,5,7988.7
6/10/2020 5:00,6,7705.6
6/10/2020 6:00,7,7710
6/10/2020 7:00,8,8420.5
6/10/2020 8:00,9,9158.6
6/10/2020 9:00,10,9649.6
6/10/2020 10:00,11,9892.2
6/10/2020 11:00,12,9729.5
6/10/2020 12:00,13,9882.5
6/10/2020 13:00,14,10054.9
6/10/2020 14:00,15,9679.1
6/10/2020 15:00,16,9051.3
6/10/2020 16:00,17,8470.3
6/10/2020 17:00,18,8236.2
6/10/2020 18:00,19,8730.7
6/10/2020 19:00,20,8677.8
6/10/2020 20:00,21,8703.2
6/10/2020 21:00,22,8956.2
6/10/2020 22:00,23,9025.1
6/10/2020 23:00,24,8811.9
6/11/2020 0:00,1,8656.3
6/11/2020 1:00,2,8422.1
6/11/2020 2:00,3,8074.6
6/11/2020 3:00,4,7829.4
6/11/2020 4:00,5,7599.1
6/11/2020 5:00,6,7451
6/11/2020 6:00,7,7473.5
6/11/2020 7:00,8,8031.8
6/11/2020 8:00,9,8500
6/11/2020 9:00,10,8956.3
6/11/2020 10:00,11,9129.6
6/11/2020 11:00,12,9157.9
6/11/2020 12:00,13,9276.8
6/11/2020 13:00,14,9642.6
6/11/2020 14:00,15,9566.6
6/11/2020 15:00,16,9237.9
6/11/2020 16:00,17,8489.8
6/11/2020 17:00,18,7965.9
6/11/2020 18:00,19,8485.7
6/11/2020 19:00,20,8466.4
6/11/2020 20:00,21,8508.6
6/11/2020 21:00,22,8410.5
6/11/2020 22:00,23,8221.3
6/11/2020 23:00,24,8145.6
6/12/2020 0:00,1,7993.7
6/12/2020 1:00,2,7624.4
6/12/2020 2:00,3,7492.1
6/12/2020 3:00,4,7313
6/12/2020 4:00,5,7138.4
6/12/2020 5:00,6,7044.2
6/12/2020 6:00,7,7019.1
6/12/2020 7:00,8,6970.4
6/12/2020 8:00,9,7208.8
6/12/2020 9:00,10,7686
6/12/2020 10:00,11,7872.2
6/12/2020 11:00,12,7823.3
6/12/2020 12:00,13,7864.7
6/12/2020 13:00,14,7812.2
6/12/2020 14:00,15,7640.5
6/12/2020 15:00,16,7485.9
6/12/2020 16:00,17,7281.7
6/12/2020 17:00,18,7335.2
6/12/2020 18:00,19,7504.7
6/12/2020 19:00,20,7515.5
6/12/2020 20:00,21,7730.8
6/12/2020 21:00,22,7587.8
6/12/2020 22:00,23,7502.2
6/12/2020 23:00,24,7487.4
6/13/2020 0:00,1,7435.6
6/13/2020 1:00,2,7207.3
6/13/2020 2:00,3,6982.4
6/13/2020 3:00,4,6754
6/13/2020 4:00,5,6707.4
6/13/2020 5:00,6,6598.4
6/13/2020 6:00,7,6635.9
6/13/2020 7:00,8,7323.4
6/13/2020 8:00,9,7428.8
6/13/2020 9:00,10,7894.7
6/13/2020 10:00,11,8211.5
6/13/2020 11:00,12,8263
6/13/2020 12:00,13,8507
6/13/2020 13:00,14,8716.8
6/13/2020 14:00,15,8604
6/13/2020 15:00,16,8257.7
6/13/2020 16:00,17,7707.1
6/13/2020 17:00,18,7469.7
6/13/2020 18:00,19,8140.2
6/13/2020 19:00,20,8296.3
6/13/2020 20:00,21,8221.4
6/13/2020 21:00,22,8367.1
6/13/2020 22:00,23,8437.5
6/13/2020 23:00,24,8166.4
6/14/2020 0:00,1,8031.9
6/14/2020 1:00,2,7820.4
6/14/2020 2:00,3,7653.5
6/14/2020 3:00,4,7283.6
6/14/2020 4:00,5,7037.7
6/14/2020 5:00,6,6773
6/14/2020 6:00,7,6728.6
6/14/2020 7:00,8,7164.1
6/14/2020 8:00,9,7296.1
6/14/2020 9:00,10,7714.3
6/14/2020 10:00,11,8098
6/14/2020 11:00,12,8133.2
6/14/2020 12:00,13,8268.6
6/14/2020 13:00,14,8425.6
6/14/2020 14:00,15,8460.4
6/14/2020 15:00,16,8106.5
6/14/2020 16:00,17,7614.1
6/14/2020 17:00,18,7353.6
6/14/2020 18:00,19,8213.5
6/14/2020 19:00,20,8347.6
6/14/2020 20:00,21,8678.7
6/14/2020 21:00,22,8744.3
6/14/2020 22:00,23,8419.3
6/14/2020 23:00,24,8081.7
6/15/2020 0:00,1,7902
6/15/2020 1:00,2,7633
6/15/2020 2:00,3,7356.6
6/15/2020 3:00,4,7120.6
6/15/2020 4:00,5,6991
6/15/2020 5:00,6,6934.5
6/15/2020 6:00,7,7100.5
6/15/2020 7:00,8,7930
6/15/2020 8:00,9,8685.6
6/15/2020 9:00,10,9219.1
6/15/2020 10:00,11,9615.2
6/15/2020 11:00,12,9630.4
6/15/2020 12:00,13,9641.7
6/15/2020 13:00,14,9701.6
6/15/2020 14:00,15,9376.5
6/15/2020 15:00,16,9066
6/15/2020 16:00,17,8469.3
6/15/2020 17:00,18,8077.4
6/15/2020 18:00,19,8472.1
6/15/2020 19:00,20,8615.3
6/15/2020 20:00,21,8865.8
6/15/2020 21:00,22,8955
6/15/2020 22:00,23,8731.9
6/15/2020 23:00,24,8586
6/16/2020 0:00,1,8256.7
6/16/2020 1:00,2,8169.8
6/16/2020 2:00,3,7816.8
6/16/2020 3:00,4,7627.9
6/16/2020 4:00,5,7578.2
6/16/2020 5:00,6,7428.4
6/16/2020 6:00,7,7391.5
6/16/2020 7:00,8,8136.7
6/16/2020 8:00,9,8920.5
6/16/2020 9:00,10,9409
6/16/2020 10:00,11,9680.6
6/16/2020 11:00,12,9599.4
6/16/2020 12:00,13,9736.1
6/16/2020 13:00,14,10175.8
6/16/2020 14:00,15,9945.5
6/16/2020 15:00,16,9590.3
6/16/2020 16:00,17,8945.4
6/16/2020 17:00,18,8493.6
6/16/2020 18:00,19,8739.9
6/16/2020 19:00,20,9005.2
6/16/2020 20:00,21,9358.9
6/16/2020 21:00,22,9355.7
6/16/2020 22:00,23,9235.3
6/16/2020 23:00,24,9053.3
6/17/2020 0:00,1,8690.3
6/17/2020 1:00,2,8309.1
6/17/2020 2:00,3,8053.2
6/17/2020 3:00,4,7795.9
6/17/2020 4:00,5,7634.5
6/17/2020 5:00,6,7441.6
6/17/2020 6:00,7,7581.9
6/17/2020 7:00,8,8461.2
6/17/2020 8:00,9,9031.4
6/17/2020 9:00,10,9546
6/17/2020 10:00,11,9896.8
6/17/2020 11:00,12,9819.4
6/17/2020 12:00,13,9996.9
6/17/2020 13:00,14,10353.4
6/17/2020 14:00,15,10266.3
6/17/2020 15:00,16,9885.6
6/17/2020 16:00,17,9359.6
6/17/2020 17:00,18,8763.1
6/17/2020 18:00,19,9026
6/17/2020 19:00,20,9190.7
6/17/2020 20:00,21,9456.9
6/17/2020 21:00,22,9622.4
6/17/2020 22:00,23,9372.4
6/17/2020 23:00,24,9226.5
6/18/2020 0:00,1,8770.2
6/18/2020 1:00,2,8450.6
6/18/2020 2:00,3,8114.4
6/18/2020 3:00,4,7934.9
6/18/2020 4:00,5,7704.2
6/18/2020 5:00,6,7507.1
6/18/2020 6:00,7,7874.8
6/18/2020 7:00,8,8394.8
6/18/2020 8:00,9,9231.1
6/18/2020 9:00,10,9601.5
6/18/2020 10:00,11,9950
6/18/2020 11:00,12,9814.2
6/18/2020 12:00,13,10077.4
6/18/2020 13:00,14,10445.4
6/18/2020 14:00,15,10352.4
6/18/2020 15:00,16,9951.5
6/18/2020 16:00,17,9198
6/18/2020 17:00,18,8545.1
6/18/2020 18:00,19,9017.8
6/18/2020 19:00,20,9272.1
6/18/2020 20:00,21,9586.8
6/18/2020 21:00,22,9686.3
6/18/2020 22:00,23,9320
6/18/2020 23:00,24,9008.4
6/19/2020 0:00,1,8651
6/19/2020 1:00,2,8359.2
6/19/2020 2:00,3,8071.8
6/19/2020 3:00,4,7823.7
6/19/2020 4:00,5,7720
6/19/2020 5:00,6,7477
6/19/2020 6:00,7,7604.1
6/19/2020 7:00,8,8404.2
6/19/2020 8:00,9,9149
6/19/2020 9:00,10,9428.4
6/19/2020 10:00,11,9732
6/19/2020 11:00,12,9636
6/19/2020 12:00,13,9683.7
6/19/2020 13:00,14,9692.7
6/19/2020 14:00,15,9379.1
6/19/2020 15:00,16,8731.3
6/19/2020 16:00,17,8196.3
6/19/2020 17:00,18,8035.2
6/19/2020 18:00,19,8156.8
6/19/2020 19:00,20,8348.8
6/19/2020 20:00,21,8371.7
6/19/2020 21:00,22,8458.5
6/19/2020 22:00,23,8153.1
6/19/2020 23:00,24,7967.2
6/20/2020 0:00,1,7752.6
6/20/2020 1:00,2,7526.7
6/20/2020 2:00,3,7304.6
6/20/2020 3:00,4,7154.1
6/20/2020 4:00,5,7035.8
6/20/2020 5:00,6,6761.3
6/20/2020 6:00,7,6903.3
6/20/2020 7:00,8,7439.8
6/20/2020 8:00,9,7799.6
6/20/2020 9:00,10,8248.7
6/20/2020 10:00,11,8530.8
6/20/2020 11:00,12,8582.2
6/20/2020 12:00,13,8722.4
6/20/2020 13:00,14,8979
6/20/2020 14:00,15,8906.3
6/20/2020 15:00,16,8451.5
6/20/2020 16:00,17,7980.4
6/20/2020 17:00,18,7725.1
6/20/2020 18:00,19,8107.6
6/20/2020 19:00,20,8283.4
6/20/2020 20:00,21,8559.2
6/20/2020 21:00,22,8564.1
6/20/2020 22:00,23,8336.6
6/20/2020 23:00,24,8182.3
6/21/2020 0:00,1,7811.7
6/21/2020 1:00,2,7585.7
6/21/2020 2:00,3,7309.5
6/21/2020 3:00,4,7025.6
6/21/2020 4:00,5,6868.2
6/21/2020 5:00,6,6544
6/21/2020 6:00,7,6623.2
6/21/2020 7:00,8,6947.9
6/21/2020 8:00,9,7332.9
6/21/2020 9:00,10,7812.2
6/21/2020 10:00,11,8094.3
6/21/2020 11:00,12,8143.9
6/21/2020 12:00,13,8238.1
6/21/2020 13:00,14,8491.5
6/21/2020 14:00,15,8408.3
6/21/2020 15:00,16,8075.5
6/21/2020 16:00,17,7787
6/21/2020 17:00,18,7773.4
6/21/2020 18:00,19,8120.3
6/21/2020 19:00,20,8399.6
6/21/2020 20:00,21,8578.9
6/21/2020 21:00,22,8564.2
6/21/2020 22:00,23,8486.9
6/21/2020 23:00,24,8110
6/22/2020 0:00,1,7908.5
6/22/2020 1:00,2,7644.8
6/22/2020 2:00,3,7423
6/22/2020 3:00,4,7135.3
6/22/2020 4:00,5,7067.9
6/22/2020 5:00,6,7142.5
6/22/2020 6:00,7,7390
6/22/2020 7:00,8,8214.5
6/22/2020 8:00,9,8942.9
6/22/2020 9:00,10,9508.4
6/22/2020 10:00,11,9865.8
6/22/2020 11:00,12,9807.9
6/22/2020 12:00,13,10074.1
6/22/2020 13:00,14,10410.8
6/22/2020 14:00,15,10425.2
6/22/2020 15:00,16,10048.4
6/22/2020 16:00,17,9247.7
6/22/2020 17:00,18,8575.4
6/22/2020 18:00,19,9109.5
6/22/2020 19:00,20,9247.8
6/22/2020 20:00,21,9433.9
6/22/2020 21:00,22,9466.2
6/22/2020 22:00,23,9089.4
6/22/2020 23:00,24,8959.4
6/23/2020 0:00,1,8716.1
6/23/2020 1:00,2,8440.6
6/23/2020 2:00,3,8095
6/23/2020 3:00,4,7952
6/23/2020 4:00,5,7915.1
6/23/2020 5:00,6,7703.3
6/23/2020 6:00,7,7859.8
6/23/2020 7:00,8,8399
6/23/2020 8:00,9,9328
6/23/2020 9:00,10,9857.8
6/23/2020 10:00,11,10145.7
6/23/2020 11:00,12,10053.8
6/23/2020 12:00,13,10207.5
6/23/2020 13:00,14,10649.4
6/23/2020 14:00,15,10506.1
6/23/2020 15:00,16,10136.2
6/23/2020 16:00,17,9347.9
6/23/2020 17:00,18,8566.2
6/23/2020 18:00,19,9081.4
6/23/2020 19:00,20,9357.6
6/23/2020 20:00,21,9399.9
6/23/2020 21:00,22,9267.4
6/23/2020 22:00,23,8994.8
6/23/2020 23:00,24,8683.3
6/24/2020 0:00,1,8355.2
6/24/2020 1:00,2,8270.9
6/24/2020 2:00,3,8064.5
6/24/2020 3:00,4,7806.5
6/24/2020 4:00,5,7692.9
6/24/2020 5:00,6,7336.4
6/24/2020 6:00,7,7670.5
6/24/2020 7:00,8,8384.5
6/24/2020 8:00,9,9100.9
6/24/2020 9:00,10,9573.3
6/24/2020 10:00,11,9870.1
6/24/2020 11:00,12,9799.8
6/24/2020 12:00,13,10033.5
6/24/2020 13:00,14,10431.2
6/24/2020 14:00,15,10322.3
6/24/2020 15:00,16,10020.1
6/24/2020 16:00,17,9163
6/24/2020 17:00,18,8669
6/24/2020 18:00,19,9093.3
6/24/2020 19:00,20,9153.7
6/24/2020 20:00,21,9186.3
6/24/2020 21:00,22,9178.6
6/24/2020 22:00,23,8945.2
6/24/2020 23:00,24,8725
6/25/2020 0:00,1,8391.5
6/25/2020 1:00,2,7981.3
6/25/2020 2:00,3,7717.1
6/25/2020 3:00,4,7536
6/25/2020 4:00,5,7522.8
6/25/2020 5:00,6,7287.1
6/25/2020 6:00,7,7562.7
6/25/2020 7:00,8,8261.1
6/25/2020 8:00,9,8993.5
6/25/2020 9:00,10,9625.1
6/25/2020 10:00,11,9974.6
6/25/2020 11:00,12,9964.3
6/25/2020 12:00,13,10156.3
6/25/2020 13:00,14,10476.6
6/25/2020 14:00,15,10360.7
6/25/2020 15:00,16,9956
6/25/2020 16:00,17,9280.2
6/25/2020 17:00,18,8794.3
6/25/2020 18:00,19,9009.1
6/25/2020 19:00,20,9041.3
6/25/2020 20:00,21,8931.5
6/25/2020 21:00,22,8992.8
6/25/2020 22:00,23,8753.4
6/25/2020 23:00,24,8541.8
6/26/2020 0:00,1,8202
6/26/2020 1:00,2,7940.5
6/26/2020 2:00,3,7745.2
6/26/2020 3:00,4,7540.5
6/26/2020 4:00,5,7373.1
6/26/2020 5:00,6,7193.2
6/26/2020 6:00,7,7585.9
6/26/2020 7:00,8,8264.1
6/26/2020 8:00,9,8810.5
6/26/2020 9:00,10,9417.7
6/26/2020 10:00,11,9730
6/26/2020 11:00,12,9698.1
6/26/2020 12:00,13,9810.7
6/26/2020 13:00,14,10116.2
6/26/2020 14:00,15,9925.1
6/26/2020 15:00,16,9571.4
6/26/2020 16:00,17,8818.9
6/26/2020 17:00,18,8534.8
6/26/2020 18:00,19,8715.6
6/26/2020 19:00,20,9005.5
6/26/2020 20:00,21,9187.9
6/26/2020 21:00,22,9132.3
6/26/2020 22:00,23,8903.5
6/26/2020 23:00,24,8813.8
6/27/2020 0:00,1,8396.6
6/27/2020 1:00,2,8054.5
6/27/2020 2:00,3,7734
6/27/2020 3:00,4,7536.9
6/27/2020 4:00,5,7350.6
6/27/2020 5:00,6,7107.5
6/27/2020 6:00,7,7320.6
6/27/2020 7:00,8,7456.3
6/27/2020 8:00,9,8037.7
6/27/2020 9:00,10,8435.3
6/27/2020 10:00,11,8806.5
6/27/2020 11:00,12,8830.2
6/27/2020 12:00,13,8898.4
6/27/2020 13:00,14,9057.2
6/27/2020 14:00,15,8909.7
6/27/2020 15:00,16,8666.7
6/27/2020 16:00,17,8230.4
6/27/2020 17:00,18,8041.4
6/27/2020 18:00,19,8441.5
6/27/2020 19:00,20,8670.9
6/27/2020 20:00,21,8871.8
6/27/2020 21:00,22,8857.1
6/27/2020 22:00,23,8591
6/27/2020 23:00,24,8445.3
6/28/2020 0:00,1,8258.9
6/28/2020 1:00,2,7876.2
6/28/2020 2:00,3,7609.8
6/28/2020 3:00,4,7390.2
6/28/2020 4:00,5,7219.8
6/28/2020 5:00,6,6940.2
6/28/2020 6:00,7,6945.7
6/28/2020 7:00,8,7019.6
6/28/2020 8:00,9,7361.7
6/28/2020 9:00,10,7585.4
6/28/2020 10:00,11,7923.1
6/28/2020 11:00,12,7942.3
6/28/2020 12:00,13,8017.9
6/28/2020 13:00,14,8219.3
6/28/2020 14:00,15,7991.8
6/28/2020 15:00,16,7733.3
6/28/2020 16:00,17,7382
6/28/2020 17:00,18,7431.5
6/28/2020 18:00,19,8058.6
6/28/2020 19:00,20,8318.8
6/28/2020 20:00,21,8248.4
6/28/2020 21:00,22,8162.1
6/28/2020 22:00,23,7829.9
6/28/2020 23:00,24,7536.4
6/29/2020 0:00,1,7210.6
6/29/2020 1:00,2,6948.5
6/29/2020 2:00,3,6744.1
6/29/2020 3:00,4,6569.8
6/29/2020 4:00,5,6500.1
6/29/2020 5:00,6,6494
6/29/2020 6:00,7,7100.8
6/29/2020 7:00,8,7920.2
6/29/2020 8:00,9,8574.8
6/29/2020 9:00,10,9227
6/29/2020 10:00,11,9497.2
6/29/2020 11:00,12,9552.4
6/29/2020 12:00,13,9495.2
6/29/2020 13:00,14,9746.7
6/29/2020 14:00,15,9696.5
6/29/2020 15:00,16,9359.1
6/29/2020 16:00,17,8673.3
6/29/2020 17:00,18,8245.4
6/29/2020 18:00,19,8443.1
6/29/2020 19:00,20,8748.6
6/29/2020 20:00,21,8910.6
6/29/2020 21:00,22,8867
6/29/2020 22:00,23,8686.6
6/29/2020 23:00,24,8419.1
6/30/2020 0:00,1,8056.5
6/30/2020 1:00,2,7774.5
6/30/2020 2:00,3,7535.1
6/30/2020 3:00,4,7338.4
6/30/2020 4:00,5,7223
6/30/2020 5:00,6,7073.2
6/30/2020 6:00,7,7412.6
6/30/2020 7:00,8,8125.7
6/30/2020 8:00,9,8884.4
6/30/2020 9:00,10,9420.3
6/30/2020 10:00,11,9523.7
6/30/2020 11:00,12,9593.6
6/30/2020 12:00,13,9655.2
6/30/2020 13:00,14,9956.8
6/30/2020 14:00,15,9801.2
6/30/2020 15:00,16,9496.2
6/30/2020 16:00,17,8621.9
6/30/2020 17:00,18,8116.4
6/30/2020 18:00,19,8488.8
6/30/2020 19:00,20,8721.5
6/30/2020 20:00,21,8912.3
6/30/2020 21:00,22,8907.3
6/30/2020 22:00,23,8614
6/30/2020 23:00,24,8375.3
7/1/2020 0:00,1,7968.2
7/1/2020 1:00,2,7757.5
7/1/2020 2:00,3,7500.6
7/1/2020 3:00,4,7230.6
7/1/2020 4:00,5,7210.9
7/1/2020 5:00,6,7074.4
7/1/2020 6:00,7,7370
7/1/2020 7:00,8,8030.3
7/1/2020 8:00,9,8787.7
7/1/2020 9:00,10,9324.7
7/1/2020 10:00,11,9798.6
7/1/2020 11:00,12,9681
7/1/2020 12:00,13,9850.2
7/1/2020 13:00,14,10048.5
7/1/2020 14:00,15,10051.7
7/1/2020 15:00,16,9749.2
7/1/2020 16:00,17,9052.7
7/1/2020 17:00,18,8609
7/1/2020 18:00,19,9021.1
7/1/2020 19:00,20,9022.1
7/1/2020 20:00,21,9212.7
7/1/2020 21:00,22,9194.7
7/1/2020 22:00,23,8977
7/1/2020 23:00,24,8737.2
7/2/2020 0:00,1,8653.8
7/2/2020 1:00,2,8279
7/2/2020 2:00,3,8048.9
7/2/2020 3:00,4,7823
7/2/2020 4:00,5,7677.1
7/2/2020 5:00,6,7556.5
7/2/2020 6:00,7,7716.4
7/2/2020 7:00,8,8512.1
7/2/2020 8:00,9,9051.8
7/2/2020 9:00,10,9427.2
7/2/2020 10:00,11,9769.1
7/2/2020 11:00,12,9728.2
7/2/2020 12:00,13,9809.5
7/2/2020 13:00,14,10226.1
7/2/2020 14:00,15,10145.4
7/2/2020 15:00,16,9793.7
7/2/2020 16:00,17,9170.5
7/2/2020 17:00,18,8605.5
7/2/2020 18:00,19,8985.7
7/2/2020 19:00,20,9165.7
7/2/2020 20:00,21,9402.4
7/2/2020 21:00,22,9465.5
7/2/2020 22:00,23,9187.8
7/2/2020 23:00,24,9008.5
7/3/2020 0:00,1,8595.6
7/3/2020 1:00,2,8482.9
7/3/2020 2:00,3,8254.5
7/3/2020 3:00,4,7950.2
7/3/2020 4:00,5,7774
7/3/2020 5:00,6,7658.5
7/3/2020 6:00,7,7916.5
7/3/2020 7:00,8,8579.6
7/3/2020 8:00,9,8976.1
7/3/2020 9:00,10,9556.8
7/3/2020 10:00,11,9912.9
7/3/2020 11:00,12,9884.3
7/3/2020 12:00,13,9919.6
7/3/2020 13:00,14,10352.4
7/3/2020 14:00,15,10268.8
7/3/2020 15:00,16,9987.9
7/3/2020 16:00,17,9203.3
7/3/2020 17:00,18,8531.6
7/3/2020 18:00,19,8881
7/3/2020 19:00,20,8984.3
7/3/2020 20:00,21,9298.3
7/3/2020 21:00,22,9236
7/3/2020 22:00,23,9180.8
7/3/2020 23:00,24,8969.7
7/4/2020 0:00,1,8648.6
7/4/2020 1:00,2,8353.2
7/4/2020 2:00,3,8066.5
7/4/2020 3:00,4,7913.9
7/4/2020 4:00,5,7701
7/4/2020 5:00,6,7449
7/4/2020 6:00,7,7449.5
7/4/2020 7:00,8,7741.5
7/4/2020 8:00,9,8113.1
7/4/2020 9:00,10,8550.4
7/4/2020 10:00,11,8860.8
7/4/2020 11:00,12,8846.5
7/4/2020 12:00,13,8953.4
7/4/2020 13:00,14,9207.2
7/4/2020 14:00,15,9045.6
7/4/2020 15:00,16,8725.4
7/4/2020 16:00,17,8048.8
7/4/2020 17:00,18,7813.9
7/4/2020 18:00,19,8237.6
7/4/2020 19:00,20,8218.7
7/4/2020 20:00,21,8403.7
7/4/2020 21:00,22,8358.3
7/4/2020 22:00,23,8087.3
7/4/2020 23:00,24,7882.9
7/5/2020 0:00,1,7657.7
7/5/2020 1:00,2,7356.9
7/5/2020 2:00,3,7174.6
7/5/2020 3:00,4,7105.9
7/5/2020 4:00,5,6893.1
7/5/2020 5:00,6,6477.1
7/5/2020 6:00,7,6550.3
7/5/2020 7:00,8,6886.8
7/5/2020 8:00,9,7494.1
7/5/2020 9:00,10,7792.7
7/5/2020 10:00,11,8066.8
7/5/2020 11:00,12,8105.5
7/5/2020 12:00,13,8157.9
7/5/2020 13:00,14,8417
7/5/2020 14:00,15,8318.4
7/5/2020 15:00,16,7983.8
7/5/2020 16:00,17,7700.1
7/5/2020 17:00,18,7861.6
7/5/2020 18:00,19,8119.9
7/5/2020 19:00,20,8489.4
7/5/2020 20:00,21,8763.1
7/5/2020 21:00,22,8655.7
7/5/2020 22:00,23,8457.9
7/5/2020 23:00,24,8066.1
7/6/2020 0:00,1,7707.4
7/6/2020 1:00,2,7472.5
7/6/2020 2:00,3,7260.5
7/6/2020 3:00,4,7003.9
7/6/2020 4:00,5,6947.9
7/6/2020 5:00,6,6941
7/6/2020 6:00,7,7251
7/6/2020 7:00,8,8166.4
7/6/2020 8:00,9,8840.6
7/6/2020 9:00,10,9437.8
7/6/2020 10:00,11,9718.1
7/6/2020 11:00,12,9663.2
7/6/2020 12:00,13,9850.8
7/6/2020 13:00,14,10221.4
7/6/2020 14:00,15,10186.6
7/6/2020 15:00,16,9876.9
7/6/2020 16:00,17,9127
7/6/2020 17:00,18,8519.1
7/6/2020 18:00,19,8743.9
7/6/2020 19:00,20,8842.1
7/6/2020 20:00,21,9072.3
7/6/2020 21:00,22,8993
7/6/2020 22:00,23,8911.1
7/6/2020 23:00,24,8604.3
7/7/2020 0:00,1,8026.2
7/7/2020 1:00,2,7666
7/7/2020 2:00,3,7425.9
7/7/2020 3:00,4,7381.4
7/7/2020 4:00,5,7490.3
7/7/2020 5:00,6,7387.4
7/7/2020 6:00,7,7568.9
7/7/2020 7:00,8,8277.5
7/7/2020 8:00,9,8925.5
7/7/2020 9:00,10,9652
7/7/2020 10:00,11,10034.4
7/7/2020 11:00,12,9909.4
7/7/2020 12:00,13,10051.9
7/7/2020 13:00,14,10417.1
7/7/2020 14:00,15,10271.4
7/7/2020 15:00,16,9978.5
7/7/2020 16:00,17,9286.6
7/7/2020 17:00,18,8582.9
7/7/2020 18:00,19,8898.6
7/7/2020 19:00,20,9132.9
7/7/2020 20:00,21,9402.4
7/7/2020 21:00,22,9411.8
7/7/2020 22:00,23,9048
7/7/2020 23:00,24,9048
7/8/2020 0:00,1,8684.2
7/8/2020 1:00,2,8442
7/8/2020 2:00,3,8103.1
7/8/2020 3:00,4,7914.7
7/8/2020 4:00,5,7772.3
7/8/2020 5:00,6,7573
7/8/2020 6:00,7,7677.9
7/8/2020 7:00,8,8457.5
7/8/2020 8:00,9,9152.1
7/8/2020 9:00,10,9608.4
7/8/2020 10:00,11,10021.5
7/8/2020 11:00,12,9802.4
7/8/2020 12:00,13,10040.6
7/8/2020 13:00,14,10336.8
7/8/2020 14:00,15,10234.5
7/8/2020 15:00,16,9911.3
7/8/2020 16:00,17,9140.7
7/8/2020 17:00,18,8517.3
7/8/2020 18:00,19,8944.3
7/8/2020 19:00,20,9082.7
7/8/2020 20:00,21,9245.2
7/8/2020 21:00,22,9245.4
7/8/2020 22:00,23,9120.3
7/8/2020 23:00,24,8888.5
7/9/2020 0:00,1,8527.9
7/9/2020 1:00,2,8260.7
7/9/2020 2:00,3,7970.4
7/9/2020 3:00,4,7755.6
7/9/2020 4:00,5,7651.2
7/9/2020 5:00,6,7525.3
7/9/2020 6:00,7,7734.1
7/9/2020 7:00,8,8378.6
7/9/2020 8:00,9,9160.1
7/9/2020 9:00,10,9766.3
7/9/2020 10:00,11,10001.4
7/9/2020 11:00,12,9978.5
7/9/2020 12:00,13,10151
7/9/2020 13:00,14,10550.4
7/9/2020 14:00,15,10455.6
7/9/2020 15:00,16,10121.2
7/9/2020 16:00,17,9158.6
7/9/2020 17:00,18,8518.1
7/9/2020 18:00,19,8892.5
7/9/2020 19:00,20,9050.2
7/9/2020 20:00,21,9272.8
7/9/2020 21:00,22,9189
7/9/2020 22:00,23,9138.6
7/9/2020 23:00,24,9048.7
7/10/2020 0:00,1,8669.8
7/10/2020 1:00,2,8420.5
7/10/2020 2:00,3,8173.9
7/10/2020 3:00,4,7959.7
7/10/2020 4:00,5,7816.4
7/10/2020 5:00,6,7635
7/10/2020 6:00,7,7824.8
7/10/2020 7:00,8,8452
7/10/2020 8:00,9,9205.7
7/10/2020 9:00,10,9752.2
7/10/2020 10:00,11,10054.9
7/10/2020 11:00,12,9960
7/10/2020 12:00,13,10115.1
7/10/2020 13:00,14,10513
7/10/2020 14:00,15,10349.9
7/10/2020 15:00,16,9986.2
7/10/2020 16:00,17,9053.8
7/10/2020 17:00,18,8493.5
7/10/2020 18:00,19,8885.5
7/10/2020 19:00,20,8959.2
7/10/2020 20:00,21,9215.6
7/10/2020 21:00,22,9185.8
7/10/2020 22:00,23,9010.7
7/10/2020 23:00,24,8770.1
7/11/2020 0:00,1,8538.2
7/11/2020 1:00,2,8271
7/11/2020 2:00,3,8005.3
7/11/2020 3:00,4,7851.9
7/11/2020 4:00,5,7740.1
7/11/2020 5:00,6,7595.5
7/11/2020 6:00,7,7539.1
7/11/2020 7:00,8,7697
7/11/2020 8:00,9,8130.4
7/11/2020 9:00,10,8653.6
7/11/2020 10:00,11,9027.8
7/11/2020 11:00,12,8956.9
7/11/2020 12:00,13,9016.8
7/11/2020 13:00,14,9270.6
7/11/2020 14:00,15,9064.7
7/11/2020 15:00,16,8824.1
7/11/2020 16:00,17,8130.7
7/11/2020 17:00,18,7929.7
7/11/2020 18:00,19,8366.5
7/11/2020 19:00,20,8581.8
7/11/2020 20:00,21,8681.8
7/11/2020 21:00,22,8550.2
7/11/2020 22:00,23,8542.6
7/11/2020 23:00,24,8338.2
7/12/2020 0:00,1,8119.7
7/12/2020 1:00,2,7917.8
7/12/2020 2:00,3,7645
7/12/2020 3:00,4,7468.8
7/12/2020 4:00,5,7243.6
7/12/2020 5:00,6,6965.3
7/12/2020 6:00,7,6807.9
7/12/2020 7:00,8,7230.5
7/12/2020 8:00,9,7616.9
7/12/2020 9:00,10,8038.5
7/12/2020 10:00,11,8296.4
7/12/2020 11:00,12,8410.3
7/12/2020 12:00,13,8502.4
7/12/2020 13:00,14,8657.6
7/12/2020 14:00,15,8397.2
7/12/2020 15:00,16,8068.7
7/12/2020 16:00,17,7939.7
7/12/2020 17:00,18,7947.4
7/12/2020 18:00,19,8456.3
7/12/2020 19:00,20,8775.7
7/12/2020 20:00,21,8911.4
7/12/2020 21:00,22,8879.3
7/12/2020 22:00,23,8500.5
7/12/2020 23:00,24,8243.6
7/13/2020 0:00,1,7943.2
7/13/2020 1:00,2,7654.5
7/13/2020 2:00,3,7423.1
7/13/2020 3:00,4,7319.2
7/13/2020 4:00,5,7286.2
7/13/2020 5:00,6,7230.7
7/13/2020 6:00,7,7549.5
7/13/2020 7:00,8,8127.3
7/13/2020 8:00,9,8436.2
7/13/2020 9:00,10,8965.9
7/13/2020 10:00,11,9139.1
7/13/2020 11:00,12,8945.1
7/13/2020 12:00,13,8835.8
7/13/2020 13:00,14,8843.2
7/13/2020 14:00,15,8583.7
7/13/2020 15:00,16,8584.4
7/13/2020 16:00,17,8576.4
7/13/2020 17:00,18,8051.4
7/13/2020 18:00,19,8198.6
7/13/2020 19:00,20,8165.4
7/13/2020 20:00,21,8003.9
7/13/2020 21:00,22,8058.9
7/13/2020 22:00,23,7829.1
7/13/2020 23:00,24,7699.4
7/14/2020 0:00,1,7350.7
7/14/2020 1:00,2,7123.8
7/14/2020 2:00,3,7014.7
7/14/2020 3:00,4,6964.8
7/14/2020 4:00,5,6794.5
7/14/2020 5:00,6,6932.5
7/14/2020 6:00,7,7018.4
7/14/2020 7:00,8,7589.1
7/14/2020 8:00,9,8389.4
7/14/2020 9:00,10,8926.3
7/14/2020 10:00,11,9344.6
7/14/2020 11:00,12,9332.1
7/14/2020 12:00,13,9526.7
7/14/2020 13:00,14,9762.8
7/14/2020 14:00,15,9599.9
7/14/2020 15:00,16,9271.8
7/14/2020 16:00,17,8586.5
7/14/2020 17:00,18,8198
7/14/2020 18:00,19,8620.8
7/14/2020 19:00,20,8875.1
7/14/2020 20:00,21,9144.2
7/14/2020 21:00,22,9072.7
7/14/2020 22:00,23,8975.4
7/14/2020 23:00,24,8663.9
7/15/2020 0:00,1,8332.3
7/15/2020 1:00,2,8094.4
7/15/2020 2:00,3,7717.4
7/15/2020 3:00,4,7536.2
7/15/2020 4:00,5,7407.1
7/15/2020 5:00,6,7289
7/15/2020 6:00,7,7488.2
7/15/2020 7:00,8,8019.4
7/15/2020 8:00,9,9019.4
7/15/2020 9:00,10,9625.7
7/15/2020 10:00,11,9879.9
7/15/2020 11:00,12,9732.4
7/15/2020 12:00,13,9881.5
7/15/2020 13:00,14,10230.8
7/15/2020 14:00,15,10199
7/15/2020 15:00,16,9791.5
7/15/2020 16:00,17,8803.1
7/15/2020 17:00,18,8327.6
7/15/2020 18:00,19,8688.4
7/15/2020 19:00,20,8881
7/15/2020 20:00,21,9054.7
7/15/2020 21:00,22,8973.2
7/15/2020 22:00,23,8678.5
7/15/2020 23:00,24,8483.8
7/16/2020 0:00,1,8293.3
7/16/2020 1:00,2,8038.4
7/16/2020 2:00,3,7777.4
7/16/2020 3:00,4,7577.5
7/16/2020 4:00,5,7514.8
7/16/2020 5:00,6,7280
7/16/2020 6:00,7,7513.2
7/16/2020 7:00,8,8264
7/16/2020 8:00,9,8995.6
7/16/2020 9:00,10,9390.8
7/16/2020 10:00,11,9644.8
7/16/2020 11:00,12,9646
7/16/2020 12:00,13,9736.2
7/16/2020 13:00,14,10102.4
7/16/2020 14:00,15,9932
7/16/2020 15:00,16,9691.5
7/16/2020 16:00,17,9031.8
7/16/2020 17:00,18,8542.1
7/16/2020 18:00,19,8887.1
7/16/2020 19:00,20,9095.7
7/16/2020 20:00,21,9388.7
7/16/2020 21:00,22,9292.1
7/16/2020 22:00,23,9005.5
7/16/2020 23:00,24,8799
7/17/2020 0:00,1,8645.8
7/17/2020 1:00,2,8299.5
7/17/2020 2:00,3,8122.3
7/17/2020 3:00,4,7869.2
7/17/2020 4:00,5,7734.2
7/17/2020 5:00,6,7568.3
7/17/2020 6:00,7,7767.7
7/17/2020 7:00,8,8261.9
7/17/2020 8:00,9,9101.1
7/17/2020 9:00,10,9574.5
7/17/2020 10:00,11,9860.2
7/17/2020 11:00,12,9828.2
7/17/2020 12:00,13,9918
7/17/2020 13:00,14,10300.4
7/17/2020 14:00,15,10034.6
7/17/2020 15:00,16,9827.9
7/17/2020 16:00,17,9101.1
7/17/2020 17:00,18,8521.5
7/17/2020 18:00,19,9048.5
7/17/2020 19:00,20,9248.7
7/17/2020 20:00,21,9471.4
7/17/2020 21:00,22,9453.4
7/17/2020 22:00,23,9135.3
7/17/2020 23:00,24,8893.6
7/18/2020 0:00,1,8730.1
7/18/2020 1:00,2,8431.9
7/18/2020 2:00,3,8119.9
7/18/2020 3:00,4,7876.9
7/18/2020 4:00,5,7790.9
7/18/2020 5:00,6,7490.9
7/18/2020 6:00,7,7369
7/18/2020 7:00,8,7742.5
7/18/2020 8:00,9,8333.1
7/18/2020 9:00,10,8898.7
7/18/2020 10:00,11,9127.5
7/18/2020 11:00,12,9056.8
7/18/2020 12:00,13,9127.1
7/18/2020 13:00,14,9433.8
7/18/2020 14:00,15,9237.3
7/18/2020 15:00,16,9292.5
7/18/2020 16:00,17,8678.3
7/18/2020 17:00,18,8479.5
7/18/2020 18:00,19,8673.4
7/18/2020 19:00,20,8789.6
7/18/2020 20:00,21,8944.2
7/18/2020 21:00,22,8895.6
7/18/2020 22:00,23,8849.1
7/18/2020 23:00,24,8694
7/19/2020 0:00,1,8411.3
7/19/2020 1:00,2,8064.8
7/19/2020 2:00,3,7809.5
7/19/2020 3:00,4,7528.2
7/19/2020 4:00,5,7244.8
7/19/2020 5:00,6,6952.6
7/19/2020 6:00,7,6922.3
7/19/2020 7:00,8,7304.1
7/19/2020 8:00,9,7505.5
7/19/2020 9:00,10,7996.1
7/19/2020 10:00,11,8205.1
7/19/2020 11:00,12,8428.8
7/19/2020 12:00,13,8441.8
7/19/2020 13:00,14,8506.3
7/19/2020 14:00,15,8397.5
7/19/2020 15:00,16,8196.5
7/19/2020 16:00,17,7961.1
7/19/2020 17:00,18,7940.2
7/19/2020 18:00,19,8470.4
7/19/2020 19:00,20,8630.4
7/19/2020 20:00,21,8879.4
7/19/2020 21:00,22,8876.2
7/19/2020 22:00,23,8641.1
7/19/2020 23:00,24,8269.5
7/20/2020 0:00,1,7995
7/20/2020 1:00,2,7729.5
7/20/2020 2:00,3,7406.4
7/20/2020 3:00,4,7170.7
7/20/2020 4:00,5,7156.2
7/20/2020 5:00,6,7153.9
7/20/2020 6:00,7,7449.3
7/20/2020 7:00,8,8177.5
7/20/2020 8:00,9,8890
7/20/2020 9:00,10,9350.2
7/20/2020 10:00,11,9674.3
7/20/2020 11:00,12,9591.1
7/20/2020 12:00,13,9726
7/20/2020 13:00,14,10149.3
7/20/2020 14:00,15,10008.7
7/20/2020 15:00,16,9750.9
7/20/2020 16:00,17,9033.7
7/20/2020 17:00,18,8377
7/20/2020 18:00,19,8775.9
7/20/2020 19:00,20,8796.4
7/20/2020 20:00,21,8950.9
7/20/2020 21:00,22,8930.9
7/20/2020 22:00,23,8741.7
7/20/2020 23:00,24,8591.4
7/21/2020 0:00,1,8264.7
7/21/2020 1:00,2,8040.2
7/21/2020 2:00,3,7800.6
7/21/2020 3:00,4,7611.9
7/21/2020 4:00,5,7455.2
7/21/2020 5:00,6,7378.1
7/21/2020 6:00,7,7541
7/21/2020 7:00,8,8257.1
7/21/2020 8:00,9,8935.4
7/21/2020 9:00,10,9528.4
7/21/2020 10:00,11,9851
7/21/2020 11:00,12,9769.6
7/21/2020 12:00,13,9863.2
7/21/2020 13:00,14,10268.1
7/21/2020 14:00,15,10163
7/21/2020 15:00,16,9806.8
7/21/2020 16:00,17,9131.3
7/21/2020 17:00,18,8486.7
7/21/2020 18:00,19,8734.5
7/21/2020 19:00,20,8895.8
7/21/2020 20:00,21,8966.1
7/21/2020 21:00,22,8948.2
7/21/2020 22:00,23,8528.1
7/21/2020 23:00,24,8199.4
7/22/2020 0:00,1,7964.3
7/22/2020 1:00,2,7713
7/22/2020 2:00,3,7456.3
7/22/2020 3:00,4,7298.4
7/22/2020 4:00,5,7244.4
7/22/2020 5:00,6,7132.7
7/22/2020 6:00,7,7433.4
7/22/2020 7:00,8,8125.7
7/22/2020 8:00,9,8503.9
7/22/2020 9:00,10,8991.7
7/22/2020 10:00,11,9191.2
7/22/2020 11:00,12,9082.5
7/22/2020 12:00,13,9330.1
7/22/2020 13:00,14,9693
7/22/2020 14:00,15,9577.7
7/22/2020 15:00,16,9305.5
7/22/2020 16:00,17,8798.2
7/22/2020 17:00,18,8643
7/22/2020 18:00,19,8786.4
7/22/2020 19:00,20,8993.2
7/22/2020 20:00,21,9149.6
7/22/2020 21:00,22,9128.3
7/22/2020 22:00,23,9016.3
7/22/2020 23:00,24,8836.8
7/23/2020 0:00,1,8525.7
7/23/2020 1:00,2,8166
7/23/2020 2:00,3,7979.4
7/23/2020 3:00,4,7790.6
7/23/2020 4:00,5,7705.5
7/23/2020 5:00,6,7668.3
7/23/2020 6:00,7,7800.4
7/23/2020 7:00,8,8391.4
7/23/2020 8:00,9,9024.8
7/23/2020 9:00,10,9613.7
7/23/2020 10:00,11,9886.9
7/23/2020 11:00,12,9836.2
7/23/2020 12:00,13,10042
7/23/2020 13:00,14,10316.1
7/23/2020 14:00,15,10210.2
7/23/2020 15:00,16,9640.2
7/23/2020 16:00,17,8746.9
7/23/2020 17:00,18,8307.4
7/23/2020 18:00,19,8769.7
7/23/2020 19:00,20,9058.7
7/23/2020 20:00,21,9155.7
7/23/2020 21:00,22,9053
7/23/2020 22:00,23,8971.5
7/23/2020 23:00,24,8693.8
7/24/2020 0:00,1,8370.8
7/24/2020 1:00,2,8123.6
7/24/2020 2:00,3,7821.5
7/24/2020 3:00,4,7620.9
7/24/2020 4:00,5,7474.8
7/24/2020 5:00,6,7408.3
7/24/2020 6:00,7,7558.2
7/24/2020 7:00,8,8209.9
7/24/2020 8:00,9,8898.1
7/24/2020 9:00,10,9397
7/24/2020 10:00,11,9696.9
7/24/2020 11:00,12,9674.5
7/24/2020 12:00,13,9844.4
7/24/2020 13:00,14,10032.7
7/24/2020 14:00,15,9949
7/24/2020 15:00,16,9436.1
7/24/2020 16:00,17,8805.5
7/24/2020 17:00,18,8470.6
7/24/2020 18:00,19,8762.7
7/24/2020 19:00,20,9062.2
7/24/2020 20:00,21,9199
7/24/2020 21:00,22,9065.1
7/24/2020 22:00,23,8838.2
7/24/2020 23:00,24,8720.7
7/25/2020 0:00,1,8341.1
7/25/2020 1:00,2,8136.3
7/25/2020 2:00,3,7835.9
7/25/2020 3:00,4,7576.7
7/25/2020 4:00,5,7626.3
7/25/2020 5:00,6,7318.4
7/25/2020 6:00,7,7163.4
7/25/2020 7:00,8,7605.6
7/25/2020 8:00,9,8214.4
7/25/2020 9:00,10,8723.1
7/25/2020 10:00,11,9046.6
7/25/2020 11:00,12,8946.2
7/25/2020 12:00,13,9011.4
7/25/2020 13:00,14,9325.9
7/25/2020 14:00,15,9168.6
7/25/2020 15:00,16,9059.5
7/25/2020 16:00,17,8501.9
7/25/2020 17:00,18,8165.6
7/25/2020 18:00,19,8616.5
7/25/2020 19:00,20,8542.9
7/25/2020 20:00,21,8469.8
7/25/2020 21:00,22,8447.8
7/25/2020 22:00,23,8398.4
7/25/2020 23:00,24,8093.2
7/26/2020 0:00,1,7786.2
7/26/2020 1:00,2,7712
7/26/2020 2:00,3,7311.9
7/26/2020 3:00,4,7004.8
7/26/2020 4:00,5,6840.9
7/26/2020 5:00,6,6628.1
7/26/2020 6:00,7,6613.3
7/26/2020 7:00,8,6987.5
7/26/2020 8:00,9,7251.4
7/26/2020 9:00,10,7844.2
7/26/2020 10:00,11,8113.7
7/26/2020 11:00,12,8211.6
7/26/2020 12:00,13,8252
7/26/2020 13:00,14,8507.7
7/26/2020 14:00,15,8383
7/26/2020 15:00,16,8165.7
7/26/2020 16:00,17,7755.5
7/26/2020 17:00,18,7610
7/26/2020 18:00,19,8376
7/26/2020 19:00,20,8510.6
7/26/2020 20:00,21,8647.8
7/26/2020 21:00,22,8579.1
7/26/2020 22:00,23,8288.9
7/26/2020 23:00,24,7941
7/27/2020 0:00,1,7662.5
7/27/2020 1:00,2,7380.3
7/27/2020 2:00,3,7159
7/27/2020 3:00,4,6995.6
7/27/2020 4:00,5,6887.5
7/27/2020 5:00,6,6863.7
7/27/2020 6:00,7,7192.6
7/27/2020 7:00,8,7978.7
7/27/2020 8:00,9,8859.7
7/27/2020 9:00,10,9444
7/27/2020 10:00,11,9811.9
7/27/2020 11:00,12,9768.2
7/27/2020 12:00,13,9871
7/27/2020 13:00,14,10302.9
7/27/2020 14:00,15,10268.7
7/27/2020 15:00,16,9919.7
7/27/2020 16:00,17,8993.5
7/27/2020 17:00,18,8567.7
7/27/2020 18:00,19,8898.1
7/27/2020 19:00,20,8977.5
7/27/2020 20:00,21,8747.1
7/27/2020 21:00,22,8756.3
7/27/2020 22:00,23,8588.2
7/27/2020 23:00,24,8407.8
7/28/2020 0:00,1,8210.8
7/28/2020 1:00,2,7870.2
7/28/2020 2:00,3,7676.9
7/28/2020 3:00,4,7473.6
7/28/2020 4:00,5,7393.3
7/28/2020 5:00,6,7279.6
7/28/2020 6:00,7,7405.5
7/28/2020 7:00,8,8250.7
7/28/2020 8:00,9,8846.5
7/28/2020 9:00,10,9362.9
7/28/2020 10:00,11,9518.6
7/28/2020 11:00,12,9439.5
7/28/2020 12:00,13,9624
7/28/2020 13:00,14,9826.7
7/28/2020 14:00,15,9589.9
7/28/2020 15:00,16,9330.1
7/28/2020 16:00,17,8595.8
7/28/2020 17:00,18,8358.8
7/28/2020 18:00,19,8722.2
7/28/2020 19:00,20,8884.9
7/28/2020 20:00,21,8829.5
7/28/2020 21:00,22,8686.7
7/28/2020 22:00,23,8522.8
7/28/2020 23:00,24,8291.7
7/29/2020 0:00,1,7962.1
7/29/2020 1:00,2,7748.5
7/29/2020 2:00,3,7506.6
7/29/2020 3:00,4,7372.6
7/29/2020 4:00,5,7278.8
7/29/2020 5:00,6,7218.4
7/29/2020 6:00,7,7306.6
7/29/2020 7:00,8,7923.7
7/29/2020 8:00,9,8467
7/29/2020 9:00,10,8810.4
7/29/2020 10:00,11,9224.4
7/29/2020 11:00,12,9032.8
7/29/2020 12:00,13,8896.8
7/29/2020 13:00,14,9068.7
7/29/2020 14:00,15,8818.5
7/29/2020 15:00,16,8672.4
7/29/2020 16:00,17,8114.4
7/29/2020 17:00,18,7939.9
7/29/2020 18:00,19,8410.5
7/29/2020 19:00,20,8398.6
7/29/2020 20:00,21,8417.6
7/29/2020 21:00,22,8209.8
7/29/2020 22:00,23,7970.2
7/29/2020 23:00,24,7839.9
7/30/2020 0:00,1,7515.7
7/30/2020 1:00,2,7271.1
7/30/2020 2:00,3,7020.5
7/30/2020 3:00,4,6878
7/30/2020 4:00,5,6853.5
7/30/2020 5:00,6,6838.6
7/30/2020 6:00,7,7024.6
7/30/2020 7:00,8,7552.2
7/30/2020 8:00,9,8362.3
7/30/2020 9:00,10,8816.2
7/30/2020 10:00,11,9017.9
7/30/2020 11:00,12,9089.6
7/30/2020 12:00,13,9258.3
7/30/2020 13:00,14,9533.2
7/30/2020 14:00,15,9259.9
7/30/2020 15:00,16,8822.1
7/30/2020 16:00,17,8050.1
7/30/2020 17:00,18,8043.9
7/30/2020 18:00,19,8216.1
7/30/2020 19:00,20,8344.8
7/30/2020 20:00,21,8256.2
7/30/2020 21:00,22,8166.8
7/30/2020 22:00,23,7766.4
7/30/2020 23:00,24,7650.2
7/31/2020 0:00,1,7396.6
7/31/2020 1:00,2,7181.4
7/31/2020 2:00,3,6980.1
7/31/2020 3:00,4,6918.5
7/31/2020 4:00,5,6835.6
7/31/2020 5:00,6,6776.7
7/31/2020 6:00,7,6848.8
7/31/2020 7:00,8,7160.7
7/31/2020 8:00,9,7216.9
7/31/2020 9:00,10,7720.8
7/31/2020 10:00,11,8054.5
7/31/2020 11:00,12,8131.4
7/31/2020 12:00,13,8231.9
7/31/2020 13:00,14,8334.2
7/31/2020 14:00,15,8109.2
7/31/2020 15:00,16,7686.9
7/31/2020 16:00,17,7487.9
7/31/2020 17:00,18,7515.3
7/31/2020 18:00,19,8119.3
7/31/2020 19:00,20,8187.2
7/31/2020 20:00,21,7964.3
7/31/2020 21:00,22,7780.4
7/31/2020 22:00,23,7646.1
7/31/2020 23:00,24,7405
8/1/2020 0:00,1,7159.3
8/1/2020 1:00,2,6948.4
8/1/2020 2:00,3,6711.1
8/1/2020 3:00,4,6613.8
8/1/2020 4:00,5,6480.9
8/1/2020 5:00,6,6448.2
8/1/2020 6:00,7,6531.4
8/1/2020 7:00,8,6906.5
8/1/2020 8:00,9,7385.4
8/1/2020 9:00,10,7947.6
8/1/2020 10:00,11,8233.3
8/1/2020 11:00,12,8251.3
8/1/2020 12:00,13,8306.2
8/1/2020 13:00,14,8172
8/1/2020 14:00,15,7791.6
8/1/2020 15:00,16,7440.3
8/1/2020 16:00,17,7042.8
8/1/2020 17:00,18,7180.4
8/1/2020 18:00,19,7548.5
8/1/2020 19:00,20,7699
8/1/2020 20:00,21,7621.4
8/1/2020 21:00,22,7459.7
8/1/2020 22:00,23,7321.3
8/1/2020 23:00,24,7049.4
8/2/2020 0:00,1,6798.8
8/2/2020 1:00,2,6579.1
8/2/2020 2:00,3,6393.2
8/2/2020 3:00,4,6189.8
8/2/2020 4:00,5,6108.1
8/2/2020 5:00,6,5905.8
8/2/2020 6:00,7,6140.9
8/2/2020 7:00,8,6496
8/2/2020 8:00,9,6909.9
8/2/2020 9:00,10,7258.7
8/2/2020 10:00,11,7421.2
8/2/2020 11:00,12,7329
8/2/2020 12:00,13,7284.7
8/2/2020 13:00,14,7340.2
8/2/2020 14:00,15,7115.1
8/2/2020 15:00,16,7032
8/2/2020 16:00,17,6814.4
8/2/2020 17:00,18,6938.8
